{
    "train_loss": [
        0.7584820141394933,
        0.40368548159797984,
        0.29691003635525703,
        0.2267956646780173,
        0.1702858041971922,
        0.13376829090217748,
        0.1065107590208451,
        0.08897277154028416,
        0.07507560215890408,
        0.06500272064780195,
        0.0578709184192121,
        0.0517516842422386,
        0.04738624859601259,
        0.0420527762422959,
        0.04139919610073169,
        0.03701017207155625,
        0.03459493319193522,
        0.031969737339143954,
        0.031160061868528526,
        0.031275866786018014,
        0.029379781257982057
    ],
    "val_loss": [
        0.8329883019129435,
        0.3918661077817281,
        0.2923367768526077,
        0.2189154550433159,
        0.17420276999473572,
        0.1322993462284406,
        0.10568113500873248,
        0.088081244379282,
        0.07961520925164223,
        0.0654060107966264,
        0.05814658974607786,
        0.05171620845794678,
        0.04830890583495299,
        0.044320203363895416,
        0.04765298838416735,
        0.039113324135541916,
        0.04498144301275412,
        0.037821696450312935,
        0.033864675710598625,
        0.03587931549797455,
        0.03291709255427122
    ],
    "iou": [
        0.011211327277123928,
        0.018945613875985146,
        0.08817918598651886,
        0.08783195912837982,
        0.26186251640319824,
        0.29484251141548157,
        0.3378715217113495,
        0.36167076230049133,
        0.3165706992149353,
        0.3686423599720001,
        0.37210074067115784,
        0.3255806267261505,
        0.3648684024810791,
        0.38174572587013245,
        0.2698000967502594,
        0.3948180675506592,
        0.356803834438324,
        0.36717328429222107,
        0.416610985994339,
        0.37186771631240845,
        0.40616574883461
    ],
    "precision": [
        0.011211327277123928,
        0.018974676728248596,
        0.13593752682209015,
        0.5619120597839355,
        0.39993876218795776,
        0.4553079903125763,
        0.47181105613708496,
        0.4645601809024811,
        0.3567253351211548,
        0.4674980640411377,
        0.5040065050125122,
        0.6413103938102722,
        0.509498655796051,
        0.5854799747467041,
        0.6080392003059387,
        0.4892556071281433,
        0.611647367477417,
        0.6593543291091919,
        0.5457107424736023,
        0.522840678691864,
        0.5114378333091736
    ],
    "recall": [
        1.0,
        0.9252005219459534,
        0.2006329894065857,
        0.09428856521844864,
        0.4313291311264038,
        0.4555133283138275,
        0.5434156060218811,
        0.6202042102813721,
        0.737694501876831,
        0.6354814171791077,
        0.5870808362960815,
        0.3980688154697418,
        0.5624295473098755,
        0.5231372714042664,
        0.32660341262817383,
        0.671640932559967,
        0.4613117277622223,
        0.45312952995300293,
        0.6378169059753418,
        0.5629046559333801,
        0.663668155670166
    ],
    "f1": [
        0.022174034267663956,
        0.03718665987253189,
        0.16206690669059753,
        0.16148048639297485,
        0.4150407612323761,
        0.4554101228713989,
        0.5050877332687378,
        0.5312156677246094,
        0.4809015393257141,
        0.5386974215507507,
        0.5423806309700012,
        0.49122676253318787,
        0.5346567630767822,
        0.5525552034378052,
        0.42494842410087585,
        0.5661208033561707,
        0.525947093963623,
        0.5371271967887878,
        0.5881792902946472,
        0.5421330332756042,
        0.5776920914649963
    ],
    "epochs": [
        1,
        6,
        11,
        16,
        21,
        26,
        31,
        36,
        41,
        46,
        51,
        56,
        61,
        66,
        71,
        76,
        81,
        86,
        91,
        96,
        100
    ]
}