{
    "train_loss": [
        0.47604085380832356,
        0.1739387276271979,
        0.11023434717208147,
        0.07718254874149959,
        0.060347180968771376,
        0.049755805327246584,
        0.04420253618930777,
        0.03919636861731609,
        0.035768421444421016,
        0.033708142659937344,
        0.031422108256568514,
        0.029052866157144308,
        0.02730573054092626,
        0.02781161495173971,
        0.0260706739500165,
        0.02521320719582339,
        0.024662582591796916,
        0.025120161861802142,
        0.023116080711285274,
        0.02289145424341162,
        0.021620970995475847
    ],
    "val_loss": [
        0.526181697845459,
        0.16565079738696417,
        0.10762220993638039,
        0.07797185331583023,
        0.06326004614432652,
        0.052431828652819,
        0.04951999584833781,
        0.04146519986291727,
        0.037462684946755566,
        0.037557579266528286,
        0.034067148342728615,
        0.0331835343192021,
        0.03170245296011368,
        0.03405432030558586,
        0.03320827893912792,
        0.031080904727180798,
        0.03209797230859598,
        0.02975872779885928,
        0.028621387667953968,
        0.030040238983929157,
        0.027944413013756275
    ],
    "iou": [
        0.011276128701865673,
        8.04569952328471e-12,
        0.045406416058540344,
        0.15069575607776642,
        0.2877717614173889,
        0.30901020765304565,
        0.2976168096065521,
        0.320686012506485,
        0.3608097434043884,
        0.3654290437698364,
        0.384229838848114,
        0.3911081552505493,
        0.4047218859195709,
        0.3863661289215088,
        0.3914596438407898,
        0.419962078332901,
        0.41371896862983704,
        0.4054264724254608,
        0.4310015141963959,
        0.40280380845069885,
        0.44255053997039795
    ],
    "precision": [
        0.011280529201030731,
        4.999997713639459e-07,
        0.49465063214302063,
        0.6475703716278076,
        0.4910217225551605,
        0.5595008730888367,
        0.42381101846694946,
        0.6139222383499146,
        0.5934897065162659,
        0.49210429191589355,
        0.5055304765701294,
        0.6333544850349426,
        0.5891828536987305,
        0.6178604364395142,
        0.5120555758476257,
        0.6084644794464111,
        0.5452878475189209,
        0.6774246096611023,
        0.6514136791229248,
        0.6843405961990356,
        0.5947748422622681
    ],
    "recall": [
        0.9665615558624268,
        8.045828760183671e-12,
        0.04761521518230438,
        0.16415904462337494,
        0.4101039469242096,
        0.40835800766944885,
        0.49987930059432983,
        0.4016960561275482,
        0.4792498052120209,
        0.5867099165916443,
        0.6155783534049988,
        0.5055757761001587,
        0.563835620880127,
        0.5076837539672852,
        0.6243643760681152,
        0.5754778981208801,
        0.6316297650337219,
        0.5024217963218689,
        0.560206949710846,
        0.4947219491004944,
        0.6335849165916443
    ],
    "f1": [
        0.02230076678097248,
        5.363855627021907e-12,
        0.0868682861328125,
        0.2619207799434662,
        0.4469292461872101,
        0.4721275269985199,
        0.4587124288082123,
        0.48563501238822937,
        0.5302863717079163,
        0.535258412361145,
        0.5551528334617615,
        0.5622968077659607,
        0.5762301683425903,
        0.5573791265487671,
        0.5626599192619324,
        0.5915111899375916,
        0.5852912664413452,
        0.5769439339637756,
        0.6023769974708557,
        0.5742834210395813,
        0.6135663390159607
    ],
    "epochs": [
        1,
        6,
        11,
        16,
        21,
        26,
        31,
        36,
        41,
        46,
        51,
        56,
        61,
        66,
        71,
        76,
        81,
        86,
        91,
        96,
        100
    ]
}