{
    "train_loss": [
        0.9698507438103358,
        0.9481406807899475,
        0.933058388531208,
        0.9052668859561285,
        0.8580420762300491,
        0.7726675197482109,
        0.6695923209190369,
        0.5494845633705457,
        0.47380920747915906,
        0.4336107671260834,
        0.4060904135306676,
        0.4131578455368678,
        0.3834650938709577,
        0.36129707594712573,
        0.35362300525108975,
        0.33040472368399304,
        0.3177707667152087,
        0.30568553507328033,
        0.3052588825424512
    ],
    "val_loss": [
        0.9606949786345164,
        0.9349747002124786,
        0.9240627785523733,
        0.8831933240095774,
        0.8320080240567526,
        0.7378000915050507,
        0.659537543853124,
        0.5365218222141266,
        0.4832160770893097,
        0.4330859382947286,
        0.4247474769751231,
        0.41838833689689636,
        0.4215349157651265,
        0.4039892653624217,
        0.41245655218760174,
        0.3993687828381856,
        0.3986934224764506,
        0.40877290566762287,
        0.40719043215115863
    ],
    "iou": [
        0.011211327277123928,
        0.03283761814236641,
        0.05979276821017265,
        0.1989651769399643,
        0.2214260995388031,
        0.29090332984924316,
        0.26626378297805786,
        0.357135146856308,
        0.4050453305244446,
        0.4253717064857483,
        0.42479655146598816,
        0.42926380038261414,
        0.4165201485157013,
        0.433746337890625,
        0.42658358812332153,
        0.43284809589385986,
        0.4364215135574341,
        0.4293569326400757,
        0.42725664377212524
    ],
    "precision": [
        0.011211327277123928,
        0.03285617753863335,
        0.05994248762726784,
        0.2072668969631195,
        0.22952063381671906,
        0.3140938878059387,
        0.2795296907424927,
        0.4067398011684418,
        0.5807366371154785,
        0.5598112344741821,
        0.5779168009757996,
        0.600770115852356,
        0.5608095526695251,
        0.6003567576408386,
        0.6344248056411743,
        0.575003981590271,
        0.6193710565567017,
        0.6517814993858337,
        0.6312171220779419
    ],
    "recall": [
        1.0,
        0.983087956905365,
        0.9599024057388306,
        0.8324260115623474,
        0.8626099228858948,
        0.7975711226463318,
        0.8487259745597839,
        0.7454417943954468,
        0.5724398493766785,
        0.639153778553009,
        0.6158715486526489,
        0.6005862951278687,
        0.6181586980819702,
        0.60982346534729,
        0.565618634223938,
        0.6364719867706299,
        0.5963663458824158,
        0.5571626424789429,
        0.5693876147270203
    ],
    "f1": [
        0.022174034267663956,
        0.06358712166547775,
        0.1128384992480278,
        0.33189454674720764,
        0.3625694811344147,
        0.4506969153881073,
        0.4205499291419983,
        0.5263069272041321,
        0.5765578746795654,
        0.5968567132949829,
        0.5962903499603271,
        0.6006777286529541,
        0.588088870048523,
        0.6050525903701782,
        0.5980486869812012,
        0.6041781306266785,
        0.6076505780220032,
        0.6007689237594604,
        0.5987098813056946
    ],
    "epochs": [
        1,
        6,
        11,
        16,
        21,
        26,
        31,
        36,
        41,
        46,
        51,
        56,
        61,
        66,
        71,
        76,
        81,
        86,
        91
    ]
}