{
    "train_loss": [
        0.4931924243768056,
        0.1782601090768973,
        0.11442954776187737,
        0.0829674806445837,
        0.06666836608201265,
        0.05700932567318281,
        0.05079748807474971,
        0.04672817528868715,
        0.04411368537694216,
        0.04029776233558854,
        0.0390722737647593,
        0.03768393024802208,
        0.03506713236371676,
        0.03487093552636603,
        0.03298473070996503,
        0.03251257864758372,
        0.031170932110399008,
        0.030686739056060713,
        0.029369800506780546,
        0.028895127354189754,
        0.028767533988381427
    ],
    "val_loss": [
        0.4036284585793813,
        0.1810125211874644,
        0.11515380317966144,
        0.08539184058705966,
        0.06774262525141239,
        0.058306014786163964,
        0.05191249710818132,
        0.047273545215527214,
        0.045404751474658646,
        0.041215931375821434,
        0.040934767574071884,
        0.03927016879121462,
        0.037361620304485164,
        0.037495690708359085,
        0.0348969753831625,
        0.033259108973046146,
        0.03282438653210799,
        0.03143308963626623,
        0.030856451640526455,
        0.03206630485753218,
        0.029677247007687885
    ],
    "iou": [
        0.016883691772818565,
        0.006192902103066444,
        8.045828760183671e-12,
        0.09232445806264877,
        0.111884206533432,
        0.14252334833145142,
        0.18357770144939423,
        0.23599094152450562,
        0.2690368592739105,
        0.28666505217552185,
        0.2685813009738922,
        0.30342739820480347,
        0.32252705097198486,
        0.300475150346756,
        0.34601905941963196,
        0.3483014702796936,
        0.3358824849128723,
        0.3703574240207672,
        0.3537617027759552,
        0.3793257474899292,
        0.3912462592124939
    ],
    "precision": [
        0.016952548176050186,
        0.013936502858996391,
        1.0,
        0.5605909824371338,
        0.5324379205703735,
        0.5992715954780579,
        0.5118913054466248,
        0.5008816123008728,
        0.47820770740509033,
        0.5168470144271851,
        0.4913652837276459,
        0.5086672306060791,
        0.5783491730690002,
        0.6155504584312439,
        0.5241865515708923,
        0.5450275540351868,
        0.6357375383377075,
        0.5844721794128418,
        0.6321925520896912,
        0.634606659412384,
        0.5572323203086853
    ],
    "recall": [
        0.8060794472694397,
        0.011022785678505898,
        8.045828760183671e-12,
        0.09952690452337265,
        0.12407472729682922,
        0.1575373262166977,
        0.2225315421819687,
        0.3085494935512543,
        0.380833238363266,
        0.3916065990924835,
        0.37200695276260376,
        0.42922890186309814,
        0.4216819107532501,
        0.36989089846611023,
        0.5044654607772827,
        0.4910852313041687,
        0.4159291386604309,
        0.5027275085449219,
        0.44544124603271484,
        0.4853244125843048,
        0.5677458643913269
    ],
    "f1": [
        0.03320668637752533,
        0.012309079058468342,
        1.6091641907856058e-11,
        0.1690419316291809,
        0.20125123858451843,
        0.24948838353157043,
        0.31020769476890564,
        0.3818646967411041,
        0.42400112748146057,
        0.4455934166908264,
        0.4234352111816406,
        0.4655834138393402,
        0.4877431094646454,
        0.4621001183986664,
        0.5141364932060242,
        0.5166517496109009,
        0.5028617978096008,
        0.540526270866394,
        0.5226346254348755,
        0.5500156879425049,
        0.562439501285553
    ],
    "epochs": [
        1,
        6,
        11,
        16,
        21,
        26,
        31,
        36,
        41,
        46,
        51,
        56,
        61,
        66,
        71,
        76,
        81,
        86,
        91,
        96,
        100
    ]
}